user_id,zone_date,zone_score,zone_focus,zone_calm,zone_posture,create_date,update_date
tamabi001,2016/05/17 13:40:00,,36,37,51,2016/05/17 14:06:45,2016/05/17 14:06:45
tamabi001,2016/05/17 13:41:00,,53,19,45,2016/05/17 14:06:45,2016/05/17 14:06:45
tamabi001,2016/05/17 13:42:00,,26,6,25,2016/05/17 14:06:45,2016/05/17 14:06:45
tamabi001,2016/05/17 13:43:00,,16,0,37,2016/05/17 14:06:45,2016/05/17 14:06:45
tamabi001,2016/05/17 13:44:00,,43,4,47,2016/05/17 14:06:45,2016/05/17 14:06:45
tamabi001,2016/05/17 13:45:00,,48,15,49,2016/05/17 14:06:45,2016/05/17 14:06:45
tamabi001,2016/05/17 13:46:00,,23,0,61,2016/05/17 14:06:45,2016/05/17 14:06:45
tamabi001,2016/05/17 13:47:00,,25,12,51,2016/05/17 14:06:45,2016/05/17 14:06:45
tamabi001,2016/05/17 13:48:00,,72,6,32,2016/05/17 14:06:45,2016/05/17 14:06:45
tamabi001,2016/05/17 13:49:00,,20,2,40,2016/05/17 14:06:45,2016/05/17 14:06:45
tamabi001,2016/05/17 13:50:00,,62,0,44,2016/05/17 14:06:45,2016/05/17 14:06:45
tamabi001,2016/05/17 13:51:00,,16,20,43,2016/05/17 14:06:45,2016/05/17 14:06:45
tamabi001,2016/05/17 14:07:00,,27,59,18,2016/05/17 15:23:29,2016/05/17 15:23:29
tamabi001,2016/05/17 14:08:00,,64,32,38,2016/05/17 15:23:29,2016/05/17 15:23:29
tamabi001,2016/05/17 14:47:00,,8,19,24,2016/05/17 15:23:29,2016/05/17 15:23:29
tamabi001,2016/05/17 14:48:00,,4,24,53,2016/05/17 15:23:29,2016/05/17 15:23:29
tamabi001,2016/05/17 14:49:00,,4,46,52,2016/05/17 15:23:29,2016/05/17 15:23:29
tamabi001,2016/05/17 14:50:00,,3,49,59,2016/05/17 15:23:29,2016/05/17 15:23:29
tamabi001,2016/05/17 14:51:00,,25,14,49,2016/05/17 15:23:29,2016/05/17 15:23:29
tamabi001,2016/05/17 14:52:00,,4,45,63,2016/05/17 15:23:29,2016/05/17 15:23:29
tamabi001,2016/05/17 14:53:00,,5,69,64,2016/05/17 15:23:29,2016/05/17 15:23:29
tamabi001,2016/05/17 14:54:00,,42,91,69,2016/05/17 15:23:29,2016/05/17 15:23:29
tamabi001,2016/05/17 14:55:00,,14,61,67,2016/05/17 15:23:29,2016/05/17 15:23:29
tamabi001,2016/05/17 14:56:00,,14,19,64,2016/05/17 15:23:29,2016/05/17 15:23:29
tamabi001,2016/05/17 14:57:00,,5,41,59,2016/05/17 15:23:29,2016/05/17 15:23:29
tamabi001,2016/05/17 14:58:00,,6,8,66,2016/05/17 15:23:29,2016/05/17 15:23:29
tamabi001,2016/05/17 14:59:00,,57,0,51,2016/05/17 15:23:29,2016/05/17 15:23:29
tamabi001,2016/05/17 15:00:00,,41,34,71,2016/05/17 15:23:29,2016/05/17 15:23:29
tamabi001,2016/05/17 15:01:00,,85,48,79,2016/05/17 15:23:29,2016/05/17 15:23:29
tamabi001,2016/05/17 15:02:00,,23,32,76,2016/05/17 15:23:29,2016/05/17 15:23:29
tamabi001,2016/05/17 15:03:00,,24,21,46,2016/05/17 15:23:29,2016/05/17 15:23:29
tamabi001,2016/05/17 15:04:00,,31,31,68,2016/05/17 15:23:29,2016/05/17 15:23:29
tamabi001,2016/05/17 15:05:00,,49,65,72,2016/05/17 15:23:29,2016/05/17 15:23:29
tamabi001,2016/05/17 15:06:00,,41,57,78,2016/05/17 15:23:29,2016/05/17 15:23:29
tamabi001,2016/05/17 15:07:00,,42,4,66,2016/05/17 15:23:29,2016/05/17 15:23:29
tamabi001,2016/05/17 15:08:00,,75,0,70,2016/05/17 15:23:29,2016/05/17 15:23:29
tamabi001,2016/05/17 15:09:00,,92,55,72,2016/05/17 15:23:29,2016/05/17 15:23:29
tamabi001,2016/05/17 15:10:00,,34,29,77,2016/05/17 15:23:29,2016/05/17 15:23:29
tamabi001,2016/05/17 15:11:00,,28,35,78,2016/05/17 15:23:29,2016/05/17 15:23:29
tamabi001,2016/05/17 15:12:00,,58,53,79,2016/05/17 15:23:29,2016/05/17 15:23:29
tamabi001,2016/05/17 15:13:00,,86,63,82,2016/05/17 15:23:29,2016/05/17 15:23:29
tamabi001,2016/05/17 15:14:00,,38,0,76,2016/05/17 15:23:29,2016/05/17 15:23:29
tamabi001,2016/05/17 15:15:00,,40,40,73,2016/05/17 15:23:29,2016/05/17 15:23:29
tamabi001,2016/05/17 15:16:00,,24,91,72,2016/05/17 15:23:29,2016/05/17 15:23:29
tamabi001,2016/05/17 15:17:00,,37,54,73,2016/05/17 15:23:29,2016/05/17 15:23:29
tamabi001,2016/05/17 15:18:00,,30,15,81,2016/05/17 15:23:29,2016/05/17 15:23:29
tamabi001,2016/05/17 15:19:00,,39,18,42,2016/05/17 15:23:29,2016/05/17 15:23:29
tamabi001,2016/05/17 15:20:00,,24,31,65,2016/05/17 15:23:29,2016/05/17 15:23:29
tamabi001,2016/05/17 15:21:00,,50,35,62,2016/05/17 15:23:29,2016/05/17 15:23:29
tamabi001,2016/05/17 15:22:00,,91,22,54,2016/05/17 15:23:29,2016/05/17 15:23:29
tamabi001,2016/05/17 15:23:00,,36,18,61,2016/05/17 16:23:29,2016/05/17 16:23:29
tamabi001,2016/05/17 15:24:00,,31,57,63,2016/05/17 16:23:29,2016/05/17 16:23:29
tamabi001,2016/05/17 15:25:00,,41,26,52,2016/05/17 16:23:29,2016/05/17 16:23:29
tamabi001,2016/05/17 15:26:00,,23,22,63,2016/05/17 16:23:29,2016/05/17 16:23:29
tamabi001,2016/05/17 15:27:00,,40,5,58,2016/05/17 16:23:29,2016/05/17 16:23:29
tamabi001,2016/05/17 15:28:00,,19,19,73,2016/05/17 16:23:29,2016/05/17 16:23:29
tamabi001,2016/05/17 15:29:00,,48,33,70,2016/05/17 16:23:29,2016/05/17 16:23:29
tamabi001,2016/05/17 15:30:00,,37,78,58,2016/05/17 16:23:29,2016/05/17 16:23:29
tamabi001,2016/05/17 15:31:00,,30,42,73,2016/05/17 16:23:29,2016/05/17 16:23:29
tamabi001,2016/05/17 15:32:00,,31,65,72,2016/05/17 16:23:29,2016/05/17 16:23:29
tamabi001,2016/05/17 15:33:00,,20,33,74,2016/05/17 16:23:29,2016/05/17 16:23:29
tamabi001,2016/05/17 15:34:00,,23,67,71,2016/05/17 16:23:29,2016/05/17 16:23:29
tamabi001,2016/05/17 15:35:00,,27,52,73,2016/05/17 16:23:29,2016/05/17 16:23:29
tamabi001,2016/05/17 15:36:00,,22,55,75,2016/05/17 16:23:29,2016/05/17 16:23:29
tamabi001,2016/05/17 15:37:00,,21,73,75,2016/05/17 16:23:29,2016/05/17 16:23:29
tamabi001,2016/05/17 15:38:00,,19,61,69,2016/05/17 16:23:29,2016/05/17 16:23:29
tamabi001,2016/05/17 15:39:00,,30,54,77,2016/05/17 16:23:29,2016/05/17 16:23:29
tamabi001,2016/05/17 15:40:00,,27,62,72,2016/05/17 16:23:29,2016/05/17 16:23:29
tamabi001,2016/05/17 15:41:00,,23,80,71,2016/05/17 16:23:29,2016/05/17 16:23:29
tamabi001,2016/05/17 15:42:00,,46,22,67,2016/05/17 16:23:29,2016/05/17 16:23:29
tamabi001,2016/05/17 15:43:00,,63,12,70,2016/05/17 16:23:29,2016/05/17 16:23:29
tamabi001,2016/05/17 15:44:00,,46,11,65,2016/05/17 16:23:29,2016/05/17 16:23:29
tamabi001,2016/05/17 15:45:00,,54,0,55,2016/05/17 16:23:29,2016/05/17 16:23:29
tamabi001,2016/05/17 15:46:00,,63,14,63,2016/05/17 16:23:29,2016/05/17 16:23:29
tamabi001,2016/05/17 15:47:00,,61,12,57,2016/05/17 16:23:29,2016/05/17 16:23:29
tamabi001,2016/05/17 15:48:00,,50,68,71,2016/05/17 16:23:29,2016/05/17 16:23:29
tamabi001,2016/05/17 15:49:00,,42,58,63,2016/05/17 16:23:29,2016/05/17 16:23:29
tamabi001,2016/05/17 15:50:00,,68,0,55,2016/05/17 16:23:29,2016/05/17 16:23:29
tamabi001,2016/05/17 15:51:00,,52,50,53,2016/05/17 16:23:29,2016/05/17 16:23:29
tamabi001,2016/05/17 15:52:00,,17,64,54,2016/05/17 16:23:29,2016/05/17 16:23:29
tamabi001,2016/05/17 15:53:00,,21,50,67,2016/05/17 16:23:29,2016/05/17 16:23:29
tamabi001,2016/05/17 15:54:00,,16,40,77,2016/05/17 16:23:29,2016/05/17 16:23:29
tamabi001,2016/05/17 15:55:00,,15,52,81,2016/05/17 16:23:29,2016/05/17 16:23:29
tamabi001,2016/05/17 15:56:00,,26,26,60,2016/05/17 16:23:29,2016/05/17 16:23:29
tamabi001,2016/05/17 15:57:00,,52,18,56,2016/05/17 16:23:29,2016/05/17 16:23:29
tamabi001,2016/05/17 15:58:00,,76,62,36,2016/05/17 16:23:29,2016/05/17 16:23:29
tamabi001,2016/05/17 15:59:00,,27,38,43,2016/05/17 16:23:29,2016/05/17 16:23:29
tamabi001,2016/05/17 16:00:00,,71,16,50,2016/05/17 16:23:29,2016/05/17 16:23:29
tamabi001,2016/05/17 16:01:00,,58,33,61,2016/05/17 16:23:29,2016/05/17 16:23:29
tamabi001,2016/05/17 16:02:00,,30,44,65,2016/05/17 16:23:29,2016/05/17 16:23:29
tamabi001,2016/05/17 16:03:00,,29,49,75,2016/05/17 16:23:29,2016/05/17 16:23:29
tamabi001,2016/05/17 16:04:00,,31,26,78,2016/05/17 16:23:29,2016/05/17 16:23:29
tamabi001,2016/05/17 16:05:00,,34,69,77,2016/05/17 16:23:29,2016/05/17 16:23:29
tamabi001,2016/05/17 16:06:00,,34,63,77,2016/05/17 16:23:29,2016/05/17 16:23:29
tamabi001,2016/05/17 16:07:00,,33,3,66,2016/05/17 16:23:29,2016/05/17 16:23:29
tamabi001,2016/05/17 16:08:00,,30,38,61,2016/05/17 16:23:29,2016/05/17 16:23:29
tamabi001,2016/05/17 16:09:00,,42,9,63,2016/05/17 16:23:29,2016/05/17 16:23:29
tamabi001,2016/05/17 16:10:00,,44,17,65,2016/05/17 16:23:29,2016/05/17 16:23:29
tamabi001,2016/05/17 16:11:00,,63,2,62,2016/05/17 16:23:29,2016/05/17 16:23:29
tamabi001,2016/05/17 16:12:00,,61,4,36,2016/05/17 16:23:29,2016/05/17 16:23:29
tamabi001,2016/05/17 16:13:00,,100,0,61,2016/05/17 16:23:29,2016/05/17 16:23:29
tamabi001,2016/05/17 16:14:00,,61,2,78,2016/05/17 16:23:29,2016/05/17 16:23:29
tamabi001,2016/05/17 16:15:00,,29,28,42,2016/05/17 16:23:29,2016/05/17 16:23:29
tamabi001,2016/05/17 16:16:00,,58,27,58,2016/05/17 16:23:29,2016/05/17 16:23:29
tamabi001,2016/05/17 16:19:00,,8,4,51,2016/05/17 16:23:29,2016/05/17 16:23:29
tamabi001,2016/05/17 16:20:00,,22,4,61,2016/05/17 16:23:29,2016/05/17 16:23:29
tamabi001,2016/05/17 16:26:00,,7,37,55,2016/05/17 17:23:29,2016/05/17 17:23:29
tamabi001,2016/05/17 16:27:00,,10,40,72,2016/05/17 17:23:29,2016/05/17 17:23:29
tamabi001,2016/05/17 16:28:00,,12,33,52,2016/05/17 17:23:29,2016/05/17 17:23:29
tamabi001,2016/05/17 16:29:00,,12,28,60,2016/05/17 17:23:29,2016/05/17 17:23:29
tamabi001,2016/05/17 16:30:00,,55,57,57,2016/05/17 17:23:29,2016/05/17 17:23:29
tamabi001,2016/05/17 16:32:00,,15,46,65,2016/05/17 17:23:29,2016/05/17 17:23:29
tamabi001,2016/05/17 16:33:00,,32,64,65,2016/05/17 17:23:29,2016/05/17 17:23:29
tamabi001,2016/05/17 16:34:00,,66,44,58,2016/05/17 17:23:29,2016/05/17 17:23:29
tamabi001,2016/05/17 16:35:00,,29,60,67,2016/05/17 17:23:29,2016/05/17 17:23:29
tamabi001,2016/05/17 16:36:00,,61,32,72,2016/05/17 17:23:29,2016/05/17 17:23:29
tamabi001,2016/05/17 16:37:00,,85,17,66,2016/05/17 17:23:29,2016/05/17 17:23:29
tamabi001,2016/05/17 16:38:00,,34,50,67,2016/05/17 17:23:29,2016/05/17 17:23:29
tamabi001,2016/05/17 16:39:00,,96,40,54,2016/05/17 17:23:29,2016/05/17 17:23:29
tamabi001,2016/05/17 16:40:00,,100,0,71,2016/05/17 17:23:29,2016/05/17 17:23:29
tamabi001,2016/05/17 16:41:00,,100,0,76,2016/05/17 17:23:29,2016/05/17 17:23:29
tamabi001,2016/05/17 16:42:00,,100,0,78,2016/05/17 17:23:29,2016/05/17 17:23:29
tamabi001,2016/05/17 16:43:00,,51,0,82,2016/05/17 17:23:29,2016/05/17 17:23:29
tamabi001,2016/05/17 16:46:00,,12,0,76,2016/05/17 17:23:29,2016/05/17 17:23:29
tamabi001,2016/05/17 16:49:00,,5,0,63,2016/05/17 17:23:29,2016/05/17 17:23:29
tamabi001,2016/05/17 16:50:00,,13,5,73,2016/05/17 17:23:29,2016/05/17 17:23:29
tamabi001,2016/05/17 16:51:00,,75,0,67,2016/05/17 17:23:29,2016/05/17 17:23:29
tamabi001,2016/05/17 16:52:00,,40,23,49,2016/05/17 17:23:29,2016/05/17 17:23:29
tamabi001,2016/05/17 16:53:00,,89,78,39,2016/05/17 17:23:29,2016/05/17 17:23:29
tamabi001,2016/05/17 16:54:00,,100,78,47,2016/05/17 17:23:29,2016/05/17 17:23:29
tamabi001,2016/05/17 16:55:00,,20,0,69,2016/05/17 17:23:29,2016/05/17 17:23:29
tamabi001,2016/05/17 16:56:00,,82,0,79,2016/05/17 17:23:29,2016/05/17 17:23:29
tamabi001,2016/05/17 16:57:00,,100,0,85,2016/05/17 17:23:29,2016/05/17 17:23:29
tamabi001,2016/05/17 16:58:00,,90,8,76,2016/05/17 17:23:29,2016/05/17 17:23:29
tamabi001,2016/05/17 16:59:00,,7,40,59,2016/05/17 17:23:29,2016/05/17 17:23:29
tamabi001,2016/05/17 17:00:00,,39,36,63,2016/05/17 17:23:29,2016/05/17 17:23:29
tamabi001,2016/05/17 17:01:00,,66,2,63,2016/05/17 17:23:29,2016/05/17 17:23:29
tamabi001,2016/05/17 17:02:00,,52,19,79,2016/05/17 17:23:29,2016/05/17 17:23:29
tamabi001,2016/05/17 17:03:00,,68,46,81,2016/05/17 17:23:29,2016/05/17 17:23:29
tamabi001,2016/05/17 17:04:00,,48,5,51,2016/05/17 17:23:29,2016/05/17 17:23:29
tamabi001,2016/05/17 17:05:00,,56,0,71,2016/05/17 17:23:29,2016/05/17 17:23:29
tamabi001,2016/05/17 17:06:00,,100,0,75,2016/05/17 17:23:29,2016/05/17 17:23:29
tamabi001,2016/05/17 17:07:00,,99,0,82,2016/05/17 17:23:29,2016/05/17 17:23:29
tamabi001,2016/05/17 17:08:00,,39,31,86,2016/05/17 17:23:29,2016/05/17 17:23:29
tamabi001,2016/05/17 17:09:00,,97,26,65,2016/05/17 17:23:29,2016/05/17 17:23:29
tamabi001,2016/05/17 17:10:00,,100,26,72,2016/05/17 17:23:29,2016/05/17 17:23:29
tamabi001,2016/05/17 17:11:00,,100,21,73,2016/05/17 17:23:29,2016/05/17 17:23:29
tamabi001,2016/05/17 17:12:00,,65,0,65,2016/05/17 17:23:29,2016/05/17 17:23:29
tamabi001,2016/05/17 17:13:00,,91,5,76,2016/05/17 17:23:29,2016/05/17 17:23:29
tamabi001,2016/05/17 17:14:00,,81,11,83,2016/05/17 17:23:29,2016/05/17 17:23:29
tamabi001,2016/05/17 17:15:00,,56,45,84,2016/05/17 17:23:29,2016/05/17 17:23:29
tamabi001,2016/05/17 17:16:00,,89,91,85,2016/05/17 17:23:29,2016/05/17 17:23:29
tamabi001,2016/05/17 17:17:00,,80,3,75,2016/05/17 17:23:29,2016/05/17 17:23:29
tamabi001,2016/05/17 17:18:00,,66,0,80,2016/05/17 17:23:29,2016/05/17 17:23:29
tamabi001,2016/05/17 17:19:00,,69,0,83,2016/05/17 17:23:29,2016/05/17 17:23:29
tamabi001,2016/05/17 17:20:00,,46,45,69,2016/05/17 17:23:29,2016/05/17 17:23:29
tamabi001,2016/05/17 17:21:00,,64,100,64,2016/05/17 17:23:29,2016/05/17 17:23:29
tamabi001,2016/05/17 17:22:00,,30,57,53,2016/05/17 17:23:29,2016/05/17 17:23:29
tamabi001,2016/05/17 17:23:00,,83,35,61,2016/05/17 18:23:29,2016/05/17 18:23:29
tamabi001,2016/05/17 17:24:00,,100,35,66,2016/05/17 18:23:29,2016/05/17 18:23:29
tamabi001,2016/05/17 17:25:00,,96,4,70,2016/05/17 18:23:29,2016/05/17 18:23:29
tamabi001,2016/05/17 17:26:00,,100,0,75,2016/05/17 18:23:29,2016/05/17 18:23:29
tamabi001,2016/05/17 17:27:00,,100,0,75,2016/05/17 18:23:29,2016/05/17 18:23:29
tamabi001,2016/05/17 17:28:00,,58,39,72,2016/05/17 18:23:29,2016/05/17 18:23:29
tamabi001,2016/05/17 17:29:00,,60,12,74,2016/05/17 18:23:29,2016/05/17 18:23:29
tamabi001,2016/05/17 17:30:00,,68,12,71,2016/05/17 18:23:29,2016/05/17 18:23:29
tamabi001,2016/05/17 17:31:00,,82,27,73,2016/05/17 18:23:29,2016/05/17 18:23:29
tamabi001,2016/05/17 17:32:00,,28,46,70,2016/05/17 18:23:29,2016/05/17 18:23:29
tamabi001,2016/05/17 17:33:00,,10,73,62,2016/05/17 18:23:29,2016/05/17 18:23:29
tamabi001,2016/05/17 17:34:00,,25,60,74,2016/05/17 18:23:29,2016/05/17 18:23:29
tamabi001,2016/05/17 17:35:00,,27,63,82,2016/05/17 18:23:29,2016/05/17 18:23:29
tamabi001,2016/05/17 17:36:00,,32,100,88,2016/05/17 18:23:29,2016/05/17 18:23:29
tamabi001,2016/05/17 17:37:00,,76,100,91,2016/05/17 18:23:29,2016/05/17 18:23:29
tamabi001,2016/05/17 17:38:00,,89,100,92,2016/05/17 18:23:29,2016/05/17 18:23:29
tamabi001,2016/05/17 17:39:00,,100,100,92,2016/05/17 18:23:29,2016/05/17 18:23:29
tamabi001,2016/05/17 17:40:00,,100,96,91,2016/05/17 18:23:29,2016/05/17 18:23:29
tamabi001,2016/05/17 17:41:00,,100,90,81,2016/05/17 18:23:29,2016/05/17 18:23:29
tamabi001,2016/05/17 17:42:00,,100,90,77,2016/05/17 18:23:29,2016/05/17 18:23:29
tamabi001,2016/05/17 17:43:00,,100,83,60,2016/05/17 18:23:29,2016/05/17 18:23:29
tamabi001,2016/05/17 17:44:00,,100,79,53,2016/05/17 18:23:29,2016/05/17 18:23:29
tamabi001,2016/05/17 17:45:00,,100,79,59,2016/05/17 18:23:29,2016/05/17 18:23:29
tamabi001,2016/05/17 17:46:00,,62,82,53,2016/05/17 18:23:29,2016/05/17 18:23:29
tamabi001,2016/05/17 17:47:00,,9,25,60,2016/05/17 18:23:29,2016/05/17 18:23:29
tamabi001,2016/05/17 17:48:00,,56,0,70,2016/05/17 18:23:29,2016/05/17 18:23:29
tamabi001,2016/05/17 17:49:00,,69,2,80,2016/05/17 18:23:29,2016/05/17 18:23:29
tamabi001,2016/05/17 17:50:00,,20,41,70,2016/05/17 18:23:29,2016/05/17 18:23:29
tamabi001,2016/05/17 17:51:00,,29,4,52,2016/05/17 18:23:29,2016/05/17 18:23:29
tamabi001,2016/05/17 17:52:00,,21,32,47,2016/05/17 18:23:29,2016/05/17 18:23:29
tamabi001,2016/05/17 17:53:00,,18,22,49,2016/05/17 18:23:29,2016/05/17 18:23:29
tamabi001,2016/05/17 17:55:00,,23,39,79,2016/05/17 18:23:29,2016/05/17 18:23:29
tamabi001,2016/05/17 17:57:00,,13,100,73,2016/05/17 18:23:29,2016/05/17 18:23:29
tamabi001,2016/05/17 17:58:00,,20,60,58,2016/05/17 18:23:29,2016/05/17 18:23:29
tamabi001,2016/05/17 17:59:00,,62,32,62,2016/05/17 18:23:29,2016/05/17 18:23:29
tamabi001,2016/05/17 18:00:00,,97,15,73,2016/05/17 18:23:29,2016/05/17 18:23:29
tamabi001,2016/05/17 18:01:00,,100,43,59,2016/05/17 18:23:29,2016/05/17 18:23:29
tamabi001,2016/05/17 18:02:00,,93,43,61,2016/05/17 18:23:29,2016/05/17 18:23:29
tamabi001,2016/05/17 18:03:00,,21,9,78,2016/05/17 18:23:29,2016/05/17 18:23:29
tamabi001,2016/05/17 18:04:00,,94,0,73,2016/05/17 18:23:29,2016/05/17 18:23:29
tamabi001,2016/05/17 18:05:00,,100,0,68,2016/05/17 18:23:29,2016/05/17 18:23:29
tamabi001,2016/05/17 18:06:00,,100,3,76,2016/05/17 18:23:29,2016/05/17 18:23:29
tamabi001,2016/05/17 18:07:00,,88,3,78,2016/05/17 18:23:29,2016/05/17 18:23:29
tamabi001,2016/05/17 18:08:00,,70,1,73,2016/05/17 18:23:29,2016/05/17 18:23:29
tamabi001,2016/05/17 18:09:00,,100,0,75,2016/05/17 18:23:29,2016/05/17 18:23:29
tamabi001,2016/05/17 18:10:00,,100,0,62,2016/05/17 18:23:29,2016/05/17 18:23:29
tamabi001,2016/05/17 18:11:00,,100,17,76,2016/05/17 18:23:29,2016/05/17 18:23:29
tamabi001,2016/05/17 18:12:00,,100,18,78,2016/05/17 18:23:29,2016/05/17 18:23:29
tamabi001,2016/05/17 18:13:00,,91,29,76,2016/05/17 18:23:29,2016/05/17 18:23:29
tamabi001,2016/05/17 18:14:00,,28,51,76,2016/05/17 18:23:29,2016/05/17 18:23:29
tamabi001,2016/05/17 18:15:00,,80,57,74,2016/05/17 18:23:29,2016/05/17 18:23:29
tamabi001,2016/05/17 18:16:00,,50,84,75,2016/05/17 18:23:29,2016/05/17 18:23:29
tamabi001,2016/05/17 18:17:00,,52,99,74,2016/05/17 18:23:29,2016/05/17 18:23:29
tamabi001,2016/05/17 18:18:00,,42,63,65,2016/05/17 18:23:29,2016/05/17 18:23:29
tamabi001,2016/05/17 18:19:00,,19,58,54,2016/05/17 18:23:29,2016/05/17 18:23:29
tamabi001,2016/05/17 18:20:00,,36,34,66,2016/05/17 18:23:29,2016/05/17 18:23:29
tamabi001,2016/05/17 18:21:00,,77,30,70,2016/05/17 18:23:29,2016/05/17 18:23:29
tamabi001,2016/05/17 18:22:00,,30,0,76,2016/05/17 18:23:29,2016/05/17 18:23:29
tamabi001,2016/05/17 18:23:00,,68,1,80,2016/05/17 19:23:30,2016/05/17 19:23:30
tamabi001,2016/05/17 18:24:00,,32,11,77,2016/05/17 19:23:30,2016/05/17 19:23:30
tamabi001,2016/05/17 18:25:00,,100,10,86,2016/05/17 19:23:30,2016/05/17 19:23:30
tamabi001,2016/05/17 18:26:00,,89,17,87,2016/05/17 19:23:30,2016/05/17 19:23:30
tamabi001,2016/05/17 18:27:00,,99,27,86,2016/05/17 19:23:30,2016/05/17 19:23:30
tamabi001,2016/05/17 18:28:00,,42,5,80,2016/05/17 19:23:30,2016/05/17 19:23:30
tamabi001,2016/05/17 18:29:00,,81,0,76,2016/05/17 19:23:30,2016/05/17 19:23:30
tamabi001,2016/05/17 18:30:00,,100,0,80,2016/05/17 19:23:30,2016/05/17 19:23:30
tamabi001,2016/05/17 18:31:00,,68,15,75,2016/05/17 19:23:30,2016/05/17 19:23:30
tamabi001,2016/05/17 18:32:00,,14,41,86,2016/05/17 19:23:30,2016/05/17 19:23:30
tamabi001,2016/05/17 18:33:00,,10,2,84,2016/05/17 19:23:30,2016/05/17 19:23:30
tamabi001,2016/05/17 18:34:00,,44,23,88,2016/05/17 19:23:30,2016/05/17 19:23:30
tamabi001,2016/05/17 18:35:00,,14,17,86,2016/05/17 19:23:30,2016/05/17 19:23:30
tamabi001,2016/05/17 18:36:00,,16,62,52,2016/05/17 19:23:30,2016/05/17 19:23:30
tamabi001,2016/05/17 18:37:00,,45,52,28,2016/05/17 19:23:30,2016/05/17 19:23:30
tamabi001,2016/05/17 18:38:00,,99,60,51,2016/05/17 19:23:30,2016/05/17 19:23:30
tamabi001,2016/05/17 18:39:00,,78,82,43,2016/05/17 19:23:30,2016/05/17 19:23:30
tamabi001,2016/05/17 18:40:00,,65,52,37,2016/05/17 19:23:30,2016/05/17 19:23:30
tamabi001,2016/05/17 18:41:00,,53,43,62,2016/05/17 19:23:30,2016/05/17 19:23:30
tamabi001,2016/05/17 18:42:00,,75,79,77,2016/05/17 19:23:30,2016/05/17 19:23:30
tamabi001,2016/05/17 18:43:00,,93,62,52,2016/05/17 19:23:30,2016/05/17 19:23:30
tamabi001,2016/05/17 18:44:00,,31,1,67,2016/05/17 19:23:30,2016/05/17 19:23:30
tamabi001,2016/05/17 18:45:00,,96,0,50,2016/05/17 19:23:30,2016/05/17 19:23:30
tamabi001,2016/05/17 18:46:00,,100,0,70,2016/05/17 19:23:30,2016/05/17 19:23:30
tamabi001,2016/05/17 18:47:00,,100,0,73,2016/05/17 19:23:30,2016/05/17 19:23:30
tamabi001,2016/05/17 18:48:00,,100,0,83,2016/05/17 19:23:30,2016/05/17 19:23:30
tamabi001,2016/05/17 18:49:00,,100,0,83,2016/05/17 19:23:30,2016/05/17 19:23:30
tamabi001,2016/05/17 18:50:00,,86,0,91,2016/05/17 19:23:30,2016/05/17 19:23:30
tamabi001,2016/05/17 18:51:00,,74,17,78,2016/05/17 19:23:30,2016/05/17 19:23:30
tamabi001,2016/05/17 18:52:00,,24,34,71,2016/05/17 19:23:30,2016/05/17 19:23:30
tamabi001,2016/05/17 18:53:00,,25,77,66,2016/05/17 19:23:30,2016/05/17 19:23:30
tamabi001,2016/05/17 18:54:00,,40,48,36,2016/05/17 19:23:30,2016/05/17 19:23:30
tamabi001,2016/05/17 18:55:00,,43,23,59,2016/05/17 19:23:30,2016/05/17 19:23:30
tamabi001,2016/05/17 18:56:00,,20,11,56,2016/05/17 19:23:30,2016/05/17 19:23:30
tamabi001,2016/05/17 18:57:00,,44,2,52,2016/05/17 19:23:30,2016/05/17 19:23:30
tamabi001,2016/05/17 18:58:00,,42,9,58,2016/05/17 19:23:30,2016/05/17 19:23:30
tamabi001,2016/05/17 18:59:00,,19,11,68,2016/05/17 19:23:30,2016/05/17 19:23:30
tamabi001,2016/05/17 19:00:00,,46,0,61,2016/05/17 19:23:30,2016/05/17 19:23:30
tamabi001,2016/05/17 19:01:00,,98,0,50,2016/05/17 19:23:30,2016/05/17 19:23:30
tamabi001,2016/05/17 19:02:00,,61,33,57,2016/05/17 19:23:30,2016/05/17 19:23:30
tamabi001,2016/05/17 19:03:00,,27,23,61,2016/05/17 19:23:30,2016/05/17 19:23:30
tamabi001,2016/05/17 19:04:00,,63,46,61,2016/05/17 19:23:30,2016/05/17 19:23:30
tamabi001,2016/05/17 19:05:00,,48,52,33,2016/05/17 19:23:30,2016/05/17 19:23:30
tamabi001,2016/05/17 19:06:00,,66,11,44,2016/05/17 19:23:30,2016/05/17 19:23:30
tamabi001,2016/05/17 19:07:00,,77,4,64,2016/05/17 19:23:30,2016/05/17 19:23:30
tamabi001,2016/05/17 19:08:00,,26,0,43,2016/05/17 19:23:30,2016/05/17 19:23:30
tamabi001,2016/05/17 19:09:00,,48,58,33,2016/05/17 19:23:30,2016/05/17 19:23:30
tamabi001,2016/05/17 19:10:00,,16,31,36,2016/05/17 19:23:30,2016/05/17 19:23:30
tamabi001,2016/05/17 19:11:00,,17,65,36,2016/05/17 19:23:30,2016/05/17 19:23:30
tamabi001,2016/05/17 19:12:00,,19,15,48,2016/05/17 19:23:30,2016/05/17 19:23:30
tamabi001,2016/05/17 19:13:00,,27,3,39,2016/05/17 19:23:30,2016/05/17 19:23:30
tamabi001,2016/05/17 19:14:00,,48,18,43,2016/05/17 19:23:30,2016/05/17 19:23:30
tamabi001,2016/05/17 19:15:00,,69,23,52,2016/05/17 19:23:30,2016/05/17 19:23:30
tamabi001,2016/05/17 19:16:00,,58,4,51,2016/05/17 19:23:30,2016/05/17 19:23:30
tamabi001,2016/05/17 19:17:00,,27,58,40,2016/05/17 19:23:30,2016/05/17 19:23:30
tamabi001,2016/05/17 19:18:00,,46,20,38,2016/05/17 19:23:30,2016/05/17 19:23:30
tamabi001,2016/05/17 19:19:00,,39,41,37,2016/05/17 19:23:30,2016/05/17 19:23:30
tamabi001,2016/05/17 19:20:00,,37,34,40,2016/05/17 19:23:30,2016/05/17 19:23:30
tamabi001,2016/05/17 19:21:00,,84,63,61,2016/05/17 19:23:30,2016/05/17 19:23:30
tamabi001,2016/05/17 19:22:00,,93,54,62,2016/05/17 19:23:30,2016/05/17 19:23:30
tamabi001,2016/05/17 19:23:00,,33,63,37,2016/05/17 20:23:29,2016/05/17 20:23:29
tamabi001,2016/05/17 19:24:00,,99,41,57,2016/05/17 20:23:29,2016/05/17 20:23:29
tamabi001,2016/05/17 19:25:00,,47,18,68,2016/05/17 20:23:29,2016/05/17 20:23:29
tamabi001,2016/05/17 19:26:00,,44,20,91,2016/05/17 20:23:29,2016/05/17 20:23:29
tamabi001,2016/05/17 19:27:00,,40,82,64,2016/05/17 20:23:29,2016/05/17 20:23:29
tamabi001,2016/05/17 19:28:00,,36,47,41,2016/05/17 20:23:29,2016/05/17 20:23:29
tamabi001,2016/05/17 19:29:00,,47,31,50,2016/05/17 20:23:29,2016/05/17 20:23:29
tamabi001,2016/05/17 19:30:00,,100,24,58,2016/05/17 20:23:29,2016/05/17 20:23:29
tamabi001,2016/05/17 19:31:00,,97,14,68,2016/05/17 20:23:29,2016/05/17 20:23:29
tamabi001,2016/05/17 19:32:00,,31,43,47,2016/05/17 20:23:29,2016/05/17 20:23:29
tamabi001,2016/05/17 19:33:00,,81,13,40,2016/05/17 20:23:29,2016/05/17 20:23:29
tamabi001,2016/05/17 19:34:00,,66,71,61,2016/05/17 20:23:29,2016/05/17 20:23:29
tamabi001,2016/05/17 19:35:00,,65,44,60,2016/05/17 20:23:29,2016/05/17 20:23:29
tamabi001,2016/05/17 19:36:00,,24,0,69,2016/05/17 20:23:29,2016/05/17 20:23:29
tamabi001,2016/05/17 19:37:00,,34,0,78,2016/05/17 20:23:29,2016/05/17 20:23:29
tamabi001,2016/05/17 19:38:00,,72,0,56,2016/05/17 20:23:29,2016/05/17 20:23:29
tamabi001,2016/05/17 19:39:00,,43,0,69,2016/05/17 20:23:29,2016/05/17 20:23:29
tamabi001,2016/05/17 19:40:00,,31,16,82,2016/05/17 20:23:29,2016/05/17 20:23:29
tamabi001,2016/05/17 19:41:00,,42,0,63,2016/05/17 20:23:29,2016/05/17 20:23:29
tamabi001,2016/05/17 19:42:00,,22,38,21,2016/05/17 20:23:29,2016/05/17 20:23:29
tamabi001,2016/05/17 19:43:00,,25,37,47,2016/05/17 20:23:29,2016/05/17 20:23:29
tamabi001,2016/05/17 19:44:00,,60,50,54,2016/05/17 20:23:29,2016/05/17 20:23:29
tamabi001,2016/05/17 19:45:00,,18,25,32,2016/05/17 20:23:29,2016/05/17 20:23:29
tamabi001,2016/05/17 19:46:00,,17,44,30,2016/05/17 20:23:29,2016/05/17 20:23:29
tamabi001,2016/05/17 19:47:00,,19,19,51,2016/05/17 20:23:29,2016/05/17 20:23:29
tamabi001,2016/05/17 19:48:00,,24,38,59,2016/05/17 20:23:29,2016/05/17 20:23:29
tamabi001,2016/05/17 19:49:00,,38,89,76,2016/05/17 20:23:29,2016/05/17 20:23:29
tamabi001,2016/05/17 19:50:00,,69,27,32,2016/05/17 20:23:29,2016/05/17 20:23:29
tamabi001,2016/05/17 19:51:00,,50,1,53,2016/05/17 20:23:29,2016/05/17 20:23:29
tamabi001,2016/05/17 19:52:00,,57,0,57,2016/05/17 20:23:29,2016/05/17 20:23:29
tamabi001,2016/05/17 19:53:00,,29,3,60,2016/05/17 20:23:29,2016/05/17 20:23:29
tamabi001,2016/05/17 19:54:00,,39,14,69,2016/05/17 20:23:29,2016/05/17 20:23:29
tamabi001,2016/05/17 19:55:00,,70,12,64,2016/05/17 20:23:29,2016/05/17 20:23:29
tamabi001,2016/05/17 19:56:00,,62,24,69,2016/05/17 20:23:29,2016/05/17 20:23:29
tamabi001,2016/05/17 19:57:00,,58,23,70,2016/05/17 20:23:29,2016/05/17 20:23:29
tamabi001,2016/05/17 19:58:00,,50,27,61,2016/05/17 20:23:29,2016/05/17 20:23:29
tamabi001,2016/05/17 19:59:00,,46,44,55,2016/05/17 20:23:29,2016/05/17 20:23:29
tamabi001,2016/05/17 20:00:00,,57,56,64,2016/05/17 20:23:29,2016/05/17 20:23:29
tamabi001,2016/05/17 20:01:00,,78,52,74,2016/05/17 20:23:29,2016/05/17 20:23:29
tamabi001,2016/05/17 20:02:00,,57,53,91,2016/05/17 20:23:29,2016/05/17 20:23:29
tamabi001,2016/05/17 20:03:00,,69,38,89,2016/05/17 20:23:29,2016/05/17 20:23:29
tamabi001,2016/05/17 20:05:00,,15,43,48,2016/05/17 20:23:29,2016/05/17 20:23:29
tamabi001,2016/05/17 20:06:00,,20,47,61,2016/05/17 20:23:29,2016/05/17 20:23:29
tamabi001,2016/05/17 20:07:00,,11,19,59,2016/05/17 20:23:29,2016/05/17 20:23:29
tamabi001,2016/05/17 20:20:00,,5,0,82,2016/05/17 20:23:29,2016/05/17 20:23:29
tamabi001,2016/05/17 20:34:00,,4,0,74,2016/05/17 21:23:29,2016/05/17 21:23:29
tamabi001,2016/05/17 20:36:00,,19,36,46,2016/05/17 21:23:29,2016/05/17 21:23:29
tamabi001,2016/05/17 20:37:00,,24,0,45,2016/05/17 21:23:29,2016/05/17 21:23:29
tamabi001,2016/05/17 20:38:00,,58,53,51,2016/05/17 21:23:29,2016/05/17 21:23:29
tamabi001,2016/05/17 20:39:00,,61,87,61,2016/05/17 21:23:29,2016/05/17 21:23:29
tamabi001,2016/05/17 20:40:00,,50,100,84,2016/05/17 21:23:29,2016/05/17 21:23:29
tamabi001,2016/05/17 20:41:00,,74,100,82,2016/05/17 21:23:29,2016/05/17 21:23:29
tamabi001,2016/05/17 20:42:00,,77,98,81,2016/05/17 21:23:29,2016/05/17 21:23:29
tamabi001,2016/05/17 20:44:00,,3,66,64,2016/05/17 21:23:29,2016/05/17 21:23:29
tamabi001,2016/05/17 20:45:00,,4,25,50,2016/05/17 21:23:29,2016/05/17 21:23:29
tamabi001,2016/05/17 20:47:00,,19,33,46,2016/05/17 21:23:29,2016/05/17 21:23:29
tamabi001,2016/05/17 20:48:00,,88,78,37,2016/05/17 21:23:29,2016/05/17 21:23:29
tamabi001,2016/05/17 20:59:00,,21,1,58,2016/05/17 21:23:29,2016/05/17 21:23:29
tamabi001,2016/05/17 21:00:00,,57,0,26,2016/05/17 21:23:29,2016/05/17 21:23:29
tamabi001,2016/05/17 21:01:00,,53,26,46,2016/05/17 21:23:29,2016/05/17 21:23:29
tamabi001,2016/05/17 21:02:00,,43,29,41,2016/05/17 21:23:29,2016/05/17 21:23:29
tamabi001,2016/05/17 21:03:00,,81,32,53,2016/05/17 21:23:29,2016/05/17 21:23:29
tamabi001,2016/05/17 21:04:00,,99,46,52,2016/05/17 21:23:29,2016/05/17 21:23:29
tamabi001,2016/05/17 21:05:00,,31,13,47,2016/05/17 21:23:29,2016/05/17 21:23:29
tamabi001,2016/05/17 21:06:00,,58,47,26,2016/05/17 21:23:29,2016/05/17 21:23:29
tamabi001,2016/05/17 21:07:00,,28,5,31,2016/05/17 21:23:29,2016/05/17 21:23:29
tamabi001,2016/05/17 21:08:00,,53,47,49,2016/05/17 21:23:29,2016/05/17 21:23:29
tamabi001,2016/05/17 21:09:00,,76,27,51,2016/05/17 21:23:29,2016/05/17 21:23:29
tamabi001,2016/05/17 21:10:00,,16,24,50,2016/05/17 21:23:29,2016/05/17 21:23:29
tamabi001,2016/05/17 21:11:00,,25,10,45,2016/05/17 21:23:29,2016/05/17 21:23:29
tamabi001,2016/05/17 21:12:00,,60,2,60,2016/05/17 21:23:29,2016/05/17 21:23:29
tamabi001,2016/05/17 21:13:00,,31,56,67,2016/05/17 21:23:29,2016/05/17 21:23:29
tamabi001,2016/05/17 21:14:00,,29,35,73,2016/05/17 21:23:29,2016/05/17 21:23:29
tamabi001,2016/05/17 21:15:00,,33,14,79,2016/05/17 21:23:29,2016/05/17 21:23:29
tamabi001,2016/05/17 21:16:00,,33,46,73,2016/05/17 21:23:29,2016/05/17 21:23:29
tamabi001,2016/05/17 21:17:00,,49,64,59,2016/05/17 21:23:29,2016/05/17 21:23:29
tamabi001,2016/05/17 21:18:00,,79,18,59,2016/05/17 21:23:29,2016/05/17 21:23:29
tamabi001,2016/05/17 21:19:00,,94,34,37,2016/05/17 21:23:29,2016/05/17 21:23:29
tamabi001,2016/05/17 21:20:00,,50,17,67,2016/05/17 21:23:29,2016/05/17 21:23:29
tamabi001,2016/05/17 21:21:00,,100,73,67,2016/05/17 21:23:29,2016/05/17 21:23:29
tamabi001,2016/05/17 21:22:00,,100,51,55,2016/05/17 21:23:29,2016/05/17 21:23:29
tamabi001,2016/05/17 21:23:00,,74,13,62,2016/05/17 22:23:29,2016/05/17 22:23:29
tamabi001,2016/05/17 21:24:00,,35,49,57,2016/05/17 22:23:29,2016/05/17 22:23:29
tamabi001,2016/05/17 21:25:00,,56,77,60,2016/05/17 22:23:29,2016/05/17 22:23:29
tamabi001,2016/05/17 21:26:00,,38,48,60,2016/05/17 22:23:29,2016/05/17 22:23:29
tamabi001,2016/05/17 21:27:00,,84,65,64,2016/05/17 22:23:29,2016/05/17 22:23:29
tamabi001,2016/05/17 21:28:00,,72,65,30,2016/05/17 22:23:29,2016/05/17 22:23:29
tamabi001,2016/05/17 21:29:00,,16,10,30,2016/05/17 22:23:29,2016/05/17 22:23:29
tamabi001,2016/05/17 21:30:00,,29,33,54,2016/05/17 22:23:29,2016/05/17 22:23:29
tamabi001,2016/05/17 21:31:00,,20,16,49,2016/05/17 22:23:29,2016/05/17 22:23:29
tamabi001,2016/05/17 21:32:00,,37,71,29,2016/05/17 22:23:29,2016/05/17 22:23:29
tamabi001,2016/05/17 21:33:00,,39,83,26,2016/05/17 22:23:29,2016/05/17 22:23:29
tamabi001,2016/05/17 21:34:00,,41,87,52,2016/05/17 22:23:29,2016/05/17 22:23:29
tamabi001,2016/05/17 21:35:00,,63,91,70,2016/05/17 22:23:29,2016/05/17 22:23:29
tamabi001,2016/05/17 21:36:00,,68,93,84,2016/05/17 22:23:29,2016/05/17 22:23:29
tamabi001,2016/05/17 21:37:00,,62,59,80,2016/05/17 22:23:29,2016/05/17 22:23:29
tamabi001,2016/05/17 21:38:00,,66,0,65,2016/05/17 22:23:29,2016/05/17 22:23:29
tamabi001,2016/05/17 21:39:00,,100,0,47,2016/05/17 22:23:29,2016/05/17 22:23:29
tamabi001,2016/05/17 21:40:00,,100,10,59,2016/05/17 22:23:29,2016/05/17 22:23:29
tamabi001,2016/05/17 21:41:00,,100,35,60,2016/05/17 22:23:29,2016/05/17 22:23:29
tamabi001,2016/05/17 21:42:00,,100,33,79,2016/05/17 22:23:29,2016/05/17 22:23:29
tamabi001,2016/05/17 21:43:00,,100,27,77,2016/05/17 22:23:29,2016/05/17 22:23:29
tamabi001,2016/05/17 21:44:00,,67,19,75,2016/05/17 22:23:29,2016/05/17 22:23:29
tamabi001,2016/05/17 21:45:00,,90,0,82,2016/05/17 22:23:29,2016/05/17 22:23:29
tamabi001,2016/05/17 21:46:00,,94,69,72,2016/05/17 22:23:29,2016/05/17 22:23:29
tamabi001,2016/05/17 21:47:00,,44,46,70,2016/05/17 22:23:29,2016/05/17 22:23:29
tamabi001,2016/05/17 21:48:00,,45,16,80,2016/05/17 22:23:29,2016/05/17 22:23:29
tamabi001,2016/05/17 21:49:00,,62,76,83,2016/05/17 22:23:29,2016/05/17 22:23:29
tamabi001,2016/05/17 21:50:00,,85,52,85,2016/05/17 22:23:29,2016/05/17 22:23:29
tamabi001,2016/05/17 21:51:00,,11,23,74,2016/05/17 22:23:29,2016/05/17 22:23:29
tamabi001,2016/05/17 21:52:00,,54,83,42,2016/05/17 22:23:29,2016/05/17 22:23:29
tamabi001,2016/05/17 21:53:00,,100,89,44,2016/05/17 22:23:29,2016/05/17 22:23:29
tamabi001,2016/05/17 21:54:00,,39,7,35,2016/05/17 22:23:29,2016/05/17 22:23:29
tamabi001,2016/05/17 21:55:00,,10,33,46,2016/05/17 22:23:29,2016/05/17 22:23:29
tamabi001,2016/05/17 21:56:00,,35,57,77,2016/05/17 22:23:29,2016/05/17 22:23:29
tamabi001,2016/05/17 21:57:00,,87,22,94,2016/05/17 22:23:29,2016/05/17 22:23:29
tamabi001,2016/05/17 21:58:00,,91,9,92,2016/05/17 22:23:29,2016/05/17 22:23:29
tamabi001,2016/05/17 21:59:00,,100,12,82,2016/05/17 22:23:29,2016/05/17 22:23:29
tamabi001,2016/05/17 22:00:00,,54,1,83,2016/05/17 22:23:29,2016/05/17 22:23:29
tamabi001,2016/05/17 22:01:00,,54,13,85,2016/05/17 22:23:29,2016/05/17 22:23:29
tamabi001,2016/05/17 22:02:00,,58,5,91,2016/05/17 22:23:29,2016/05/17 22:23:29
tamabi001,2016/05/17 22:03:00,,14,39,84,2016/05/17 22:23:29,2016/05/17 22:23:29
tamabi001,2016/05/17 22:04:00,,26,33,87,2016/05/17 22:23:29,2016/05/17 22:23:29
tamabi001,2016/05/17 22:05:00,,95,30,90,2016/05/17 22:23:29,2016/05/17 22:23:29
tamabi001,2016/05/17 22:06:00,,45,4,90,2016/05/17 22:23:29,2016/05/17 22:23:29
tamabi001,2016/05/17 22:07:00,,31,10,87,2016/05/17 22:23:29,2016/05/17 22:23:29
tamabi001,2016/05/17 22:08:00,,27,17,87,2016/05/17 22:23:29,2016/05/17 22:23:29
tamabi001,2016/05/17 22:09:00,,96,0,73,2016/05/17 22:23:29,2016/05/17 22:23:29
tamabi001,2016/05/17 22:10:00,,74,0,84,2016/05/17 22:23:29,2016/05/17 22:23:29
tamabi001,2016/05/17 22:11:00,,71,3,83,2016/05/17 22:23:29,2016/05/17 22:23:29
tamabi001,2016/05/17 22:12:00,,26,5,48,2016/05/17 22:23:29,2016/05/17 22:23:29
tamabi001,2016/05/17 22:13:00,,98,0,69,2016/05/17 22:23:29,2016/05/17 22:23:29
tamabi001,2016/05/17 22:14:00,,62,12,50,2016/05/17 22:23:29,2016/05/17 22:23:29
tamabi001,2016/05/17 22:15:00,,32,48,36,2016/05/17 22:23:29,2016/05/17 22:23:29
tamabi001,2016/05/17 22:16:00,,21,61,44,2016/05/17 22:23:29,2016/05/17 22:23:29
tamabi001,2016/05/17 22:17:00,,20,55,40,2016/05/17 22:23:29,2016/05/17 22:23:29
tamabi001,2016/05/17 22:18:00,,41,76,56,2016/05/17 22:23:29,2016/05/17 22:23:29
tamabi001,2016/05/17 22:19:00,,56,82,66,2016/05/17 22:23:29,2016/05/17 22:23:29
tamabi001,2016/05/17 22:20:00,,89,53,52,2016/05/17 22:23:29,2016/05/17 22:23:29
tamabi001,2016/05/17 22:21:00,,78,55,46,2016/05/17 22:23:29,2016/05/17 22:23:29
tamabi001,2016/05/17 22:22:00,,96,57,56,2016/05/17 22:23:29,2016/05/17 22:23:29
tamabi001,2016/05/17 22:23:00,,97,95,65,2016/05/18 8:53:06,2016/05/18 8:53:06
tamabi001,2016/05/17 22:24:00,,100,100,66,2016/05/18 8:53:06,2016/05/18 8:53:06
tamabi001,2016/05/17 22:25:00,,35,83,66,2016/05/18 8:53:06,2016/05/18 8:53:06
tamabi001,2016/05/17 22:26:00,,24,65,58,2016/05/18 9:59:05,2016/05/18 9:59:05
tamabi001,2016/05/18 9:27:00,,17,0,32,2016/05/18 10:59:04,2016/05/18 10:59:04
tamabi001,2016/05/18 9:28:00,,15,8,52,2016/05/18 10:59:04,2016/05/18 10:59:04
tamabi001,2016/05/18 9:29:00,,15,3,47,2016/05/18 10:59:04,2016/05/18 10:59:04
tamabi001,2016/05/18 9:30:00,,27,32,51,2016/05/18 10:59:04,2016/05/18 10:59:04
tamabi001,2016/05/18 9:42:00,,2,0,70,2016/05/18 10:59:04,2016/05/18 10:59:04
tamabi001,2016/05/18 9:56:00,,14,0,50,2016/05/18 10:59:04,2016/05/18 10:59:04
tamabi001,2016/05/18 10:08:00,,8,0,40,2016/05/18 10:59:04,2016/05/18 10:59:04
tamabi001,2016/05/18 10:09:00,,14,0,38,2016/05/18 10:59:04,2016/05/18 10:59:04
tamabi001,2016/05/18 10:10:00,,13,0,41,2016/05/18 10:59:04,2016/05/18 10:59:04
tamabi001,2016/05/18 10:11:00,,6,13,46,2016/05/18 10:59:04,2016/05/18 10:59:04
tamabi001,2016/05/18 10:12:00,,7,7,32,2016/05/18 10:59:04,2016/05/18 10:59:04
tamabi001,2016/05/18 10:13:00,,17,8,46,2016/05/18 10:59:04,2016/05/18 10:59:04
tamabi001,2016/05/18 10:14:00,,19,0,13,2016/05/18 10:59:04,2016/05/18 10:59:04
tamabi001,2016/05/18 10:21:00,,4,50,51,2016/05/18 10:59:04,2016/05/18 10:59:04
tamabi001,2016/05/18 10:22:00,,6,30,37,2016/05/18 10:59:04,2016/05/18 10:59:04
tamabi001,2016/05/18 10:29:00,,7,52,85,2016/05/18 10:59:04,2016/05/18 10:59:04
tamabi001,2016/05/18 10:37:00,,6,29,74,2016/05/18 10:59:04,2016/05/18 10:59:04
tamabi001,2016/05/18 10:38:00,,24,17,54,2016/05/18 10:59:04,2016/05/18 10:59:04
tamabi001,2016/05/18 10:39:00,,7,13,45,2016/05/18 10:59:04,2016/05/18 10:59:04
tamabi001,2016/05/18 10:40:00,,13,13,37,2016/05/18 10:59:04,2016/05/18 10:59:04
tamabi001,2016/05/18 10:41:00,,19,16,53,2016/05/18 10:59:04,2016/05/18 10:59:04
tamabi001,2016/05/18 10:42:00,,35,24,78,2016/05/18 10:59:04,2016/05/18 10:59:04
tamabi001,2016/05/18 10:43:00,,76,12,27,2016/05/18 10:59:04,2016/05/18 10:59:04
tamabi001,2016/05/18 10:44:00,,63,4,47,2016/05/18 10:59:04,2016/05/18 10:59:04
tamabi001,2016/05/18 10:45:00,,30,26,70,2016/05/18 10:59:04,2016/05/18 10:59:04
tamabi001,2016/05/18 10:46:00,,34,39,80,2016/05/18 10:59:04,2016/05/18 10:59:04
tamabi001,2016/05/18 10:47:00,,67,60,69,2016/05/18 10:59:04,2016/05/18 10:59:04
tamabi001,2016/05/18 10:48:00,,38,65,54,2016/05/18 10:59:04,2016/05/18 10:59:04
tamabi001,2016/05/18 10:49:00,,59,88,68,2016/05/18 10:59:04,2016/05/18 10:59:04
tamabi001,2016/05/18 10:50:00,,47,78,83,2016/05/18 10:59:04,2016/05/18 10:59:04
tamabi001,2016/05/18 10:51:00,,96,74,86,2016/05/18 10:59:04,2016/05/18 10:59:04
tamabi001,2016/05/18 10:52:00,,34,83,73,2016/05/18 10:59:04,2016/05/18 10:59:04
tamabi001,2016/05/18 10:53:00,,33,39,51,2016/05/18 10:59:04,2016/05/18 10:59:04
tamabi001,2016/05/18 10:54:00,,39,37,63,2016/05/18 10:59:04,2016/05/18 10:59:04
tamabi001,2016/05/18 10:55:00,,24,0,59,2016/05/18 10:59:04,2016/05/18 10:59:04
tamabi001,2016/05/18 10:58:00,,44,1,66,2016/05/18 10:59:04,2016/05/18 10:59:04
tamabi001,2016/05/18 10:59:00,,49,40,76,2016/05/18 12:17:40,2016/05/18 12:17:40
tamabi001,2016/05/18 11:00:00,,74,10,71,2016/05/18 12:17:40,2016/05/18 12:17:40
tamabi001,2016/05/18 11:06:00,,100,0,25,2016/05/18 12:17:40,2016/05/18 12:17:40
tamabi001,2016/05/18 11:07:00,,100,0,25,2016/05/18 12:17:40,2016/05/18 12:17:40
tamabi001,2016/05/18 11:09:00,,14,0,51,2016/05/18 12:17:40,2016/05/18 12:17:40
tamabi001,2016/05/18 11:14:00,,75,0,63,2016/05/18 12:17:40,2016/05/18 12:17:40
tamabi001,2016/05/18 11:15:00,,85,0,60,2016/05/18 12:17:40,2016/05/18 12:17:40
tamabi001,2016/05/18 11:16:00,,95,0,55,2016/05/18 12:17:40,2016/05/18 12:17:40
tamabi001,2016/05/18 11:17:00,,77,1,39,2016/05/18 12:17:40,2016/05/18 12:17:40
tamabi001,2016/05/18 11:18:00,,28,0,32,2016/05/18 12:17:40,2016/05/18 12:17:40
tamabi001,2016/05/18 11:19:00,,10,38,44,2016/05/18 12:17:40,2016/05/18 12:17:40
tamabi001,2016/05/18 11:20:00,,9,0,82,2016/05/18 13:39:44,2016/05/18 13:39:44
tamabi001,2016/05/18 13:06:00,,0,94,75,2016/05/18 13:39:44,2016/05/18 13:39:44
tamabi001,2016/05/18 13:08:00,,0,3,54,2016/05/18 13:39:44,2016/05/18 13:39:44
tamabi001,2016/05/18 13:09:00,,1,11,72,2016/05/18 13:39:44,2016/05/18 13:39:44
tamabi001,2016/05/18 13:10:00,,2,22,81,2016/05/18 13:39:44,2016/05/18 13:39:44
tamabi001,2016/05/18 13:11:00,,16,11,75,2016/05/18 13:39:44,2016/05/18 13:39:44
tamabi001,2016/05/18 13:12:00,,37,27,43,2016/05/18 13:39:44,2016/05/18 13:39:44
tamabi001,2016/05/18 13:13:00,,45,17,16,2016/05/18 13:39:44,2016/05/18 13:39:44
tamabi001,2016/05/18 13:14:00,,43,10,30,2016/05/18 13:39:44,2016/05/18 13:39:44
tamabi001,2016/05/18 13:15:00,,49,41,48,2016/05/18 13:39:44,2016/05/18 13:39:44
tamabi001,2016/05/18 13:16:00,,43,42,45,2016/05/18 13:39:44,2016/05/18 13:39:44
tamabi001,2016/05/18 13:17:00,,38,47,56,2016/05/18 13:39:44,2016/05/18 13:39:44
tamabi001,2016/05/18 13:18:00,,60,79,46,2016/05/18 13:39:44,2016/05/18 13:39:44
tamabi001,2016/05/18 13:19:00,,59,96,45,2016/05/18 13:39:44,2016/05/18 13:39:44
tamabi001,2016/05/18 13:20:00,,51,60,24,2016/05/18 13:39:44,2016/05/18 13:39:44
tamabi001,2016/05/18 13:21:00,,49,61,44,2016/05/18 13:39:44,2016/05/18 13:39:44
tamabi001,2016/05/18 13:22:00,,59,40,63,2016/05/18 13:39:44,2016/05/18 13:39:44
tamabi001,2016/05/18 13:23:00,,69,7,77,2016/05/18 13:39:44,2016/05/18 13:39:44
tamabi001,2016/05/18 13:24:00,,23,71,79,2016/05/18 13:39:44,2016/05/18 13:39:44
tamabi001,2016/05/18 13:25:00,,20,43,14,2016/05/18 13:39:44,2016/05/18 13:39:44
tamabi001,2016/05/18 13:26:00,,33,13,20,2016/05/18 13:39:44,2016/05/18 13:39:44
tamabi001,2016/05/18 13:27:00,,53,27,21,2016/05/18 13:39:44,2016/05/18 13:39:44
tamabi001,2016/05/18 13:28:00,,56,13,26,2016/05/18 13:39:44,2016/05/18 13:39:44
tamabi001,2016/05/18 13:29:00,,66,39,31,2016/05/18 13:39:44,2016/05/18 13:39:44
tamabi001,2016/05/18 13:30:00,,70,25,23,2016/05/18 13:39:44,2016/05/18 13:39:44
tamabi001,2016/05/18 13:31:00,,95,10,47,2016/05/18 13:39:44,2016/05/18 13:39:44
tamabi001,2016/05/18 13:32:00,,100,0,56,2016/05/18 13:39:44,2016/05/18 13:39:44
tamabi001,2016/05/18 13:33:00,,80,6,70,2016/05/18 13:39:44,2016/05/18 13:39:44
tamabi001,2016/05/18 13:34:00,,29,31,68,2016/05/18 13:39:44,2016/05/18 13:39:44
tamabi001,2016/05/18 13:35:00,,66,41,74,2016/05/18 13:39:44,2016/05/18 13:39:44
tamabi001,2016/05/18 13:36:00,,30,16,70,2016/05/18 13:39:44,2016/05/18 13:39:44
tamabi001,2016/05/18 13:37:00,,19,30,19,2016/05/18 13:39:44,2016/05/18 13:39:44
tamabi001,2016/05/18 13:38:00,,28,23,25,2016/05/18 13:39:44,2016/05/18 13:39:44
tamabi001,2016/05/18 13:39:00,,56,67,41,2016/05/18 14:39:43,2016/05/18 14:39:43
tamabi001,2016/05/18 13:40:00,,52,46,50,2016/05/18 14:39:43,2016/05/18 14:39:43
tamabi001,2016/05/18 13:41:00,,55,41,46,2016/05/18 14:39:43,2016/05/18 14:39:43
tamabi001,2016/05/18 13:42:00,,58,60,38,2016/05/18 14:39:43,2016/05/18 14:39:43
tamabi001,2016/05/18 13:43:00,,69,2,42,2016/05/18 14:39:43,2016/05/18 14:39:43
tamabi001,2016/05/18 13:44:00,,71,54,63,2016/05/18 14:39:43,2016/05/18 14:39:43
tamabi001,2016/05/18 13:45:00,,93,42,57,2016/05/18 14:39:43,2016/05/18 14:39:43
tamabi001,2016/05/18 13:46:00,,25,14,68,2016/05/18 14:39:43,2016/05/18 14:39:43
tamabi001,2016/05/18 13:47:00,,48,76,49,2016/05/18 14:39:43,2016/05/18 14:39:43
tamabi001,2016/05/18 13:48:00,,96,64,67,2016/05/18 14:39:43,2016/05/18 14:39:43
tamabi001,2016/05/18 13:49:00,,89,48,67,2016/05/18 14:39:43,2016/05/18 14:39:43
tamabi001,2016/05/18 13:50:00,,100,48,47,2016/05/18 14:39:43,2016/05/18 14:39:43
tamabi001,2016/05/18 13:51:00,,100,53,66,2016/05/18 14:39:43,2016/05/18 14:39:43
tamabi001,2016/05/18 13:52:00,,76,8,68,2016/05/18 14:39:43,2016/05/18 14:39:43
tamabi001,2016/05/18 13:53:00,,88,0,71,2016/05/18 14:39:43,2016/05/18 14:39:43
tamabi001,2016/05/18 13:54:00,,15,9,86,2016/05/18 14:39:43,2016/05/18 14:39:43
tamabi001,2016/05/18 13:55:00,,29,13,77,2016/05/18 14:39:43,2016/05/18 14:39:43
tamabi001,2016/05/18 13:56:00,,87,9,42,2016/05/18 14:39:43,2016/05/18 14:39:43
tamabi001,2016/05/18 13:57:00,,100,5,22,2016/05/18 14:39:43,2016/05/18 14:39:43
tamabi001,2016/05/18 13:58:00,,95,0,38,2016/05/18 14:39:43,2016/05/18 14:39:43
tamabi001,2016/05/18 13:59:00,,24,28,54,2016/05/18 14:39:43,2016/05/18 14:39:43
tamabi001,2016/05/18 14:00:00,,23,10,42,2016/05/18 14:39:43,2016/05/18 14:39:43
tamabi001,2016/05/18 14:01:00,,13,2,24,2016/05/18 14:39:43,2016/05/18 14:39:43
tamabi001,2016/05/18 14:02:00,,40,0,53,2016/05/18 14:39:43,2016/05/18 14:39:43
tamabi001,2016/05/18 14:03:00,,15,53,70,2016/05/18 14:39:43,2016/05/18 14:39:43
tamabi001,2016/05/18 14:04:00,,31,47,76,2016/05/18 14:39:43,2016/05/18 14:39:43
tamabi001,2016/05/18 14:05:00,,24,15,81,2016/05/18 14:39:43,2016/05/18 14:39:43
tamabi001,2016/05/18 14:06:00,,47,2,75,2016/05/18 14:39:43,2016/05/18 14:39:43
tamabi001,2016/05/18 14:07:00,,80,0,75,2016/05/18 14:39:43,2016/05/18 14:39:43
tamabi001,2016/05/18 14:08:00,,54,0,71,2016/05/18 14:39:43,2016/05/18 14:39:43
tamabi001,2016/05/18 14:09:00,,24,47,67,2016/05/18 14:39:43,2016/05/18 14:39:43
tamabi001,2016/05/18 14:10:00,,29,23,74,2016/05/18 14:39:43,2016/05/18 14:39:43
tamabi001,2016/05/18 14:11:00,,34,10,78,2016/05/18 14:39:43,2016/05/18 14:39:43
tamabi001,2016/05/18 14:12:00,,44,53,83,2016/05/18 14:39:43,2016/05/18 14:39:43
tamabi001,2016/05/18 14:13:00,,33,86,71,2016/05/18 14:39:43,2016/05/18 14:39:43
tamabi001,2016/05/18 14:14:00,,38,18,79,2016/05/18 14:39:43,2016/05/18 14:39:43
tamabi001,2016/05/18 14:15:00,,23,23,82,2016/05/18 14:39:43,2016/05/18 14:39:43
tamabi001,2016/05/18 14:16:00,,86,29,73,2016/05/18 14:39:43,2016/05/18 14:39:43
tamabi001,2016/05/18 14:17:00,,33,25,61,2016/05/18 14:39:43,2016/05/18 14:39:43
tamabi001,2016/05/18 14:18:00,,32,21,62,2016/05/18 14:39:43,2016/05/18 14:39:43
tamabi001,2016/05/18 14:19:00,,36,28,74,2016/05/18 14:39:43,2016/05/18 14:39:43
tamabi001,2016/05/18 14:20:00,,30,18,78,2016/05/18 14:39:43,2016/05/18 14:39:43
tamabi001,2016/05/18 14:21:00,,18,5,81,2016/05/18 14:39:43,2016/05/18 14:39:43
tamabi001,2016/05/18 14:22:00,,54,1,83,2016/05/18 14:39:43,2016/05/18 14:39:43
tamabi001,2016/05/18 14:23:00,,42,13,86,2016/05/18 14:39:43,2016/05/18 14:39:43
tamabi001,2016/05/18 14:24:00,,79,8,86,2016/05/18 14:39:43,2016/05/18 14:39:43
tamabi001,2016/05/18 14:25:00,,96,0,90,2016/05/18 14:39:43,2016/05/18 14:39:43
tamabi001,2016/05/18 14:26:00,,88,22,92,2016/05/18 14:39:43,2016/05/18 14:39:43
tamabi001,2016/05/18 14:27:00,,35,47,90,2016/05/18 14:39:43,2016/05/18 14:39:43
tamabi001,2016/05/18 14:28:00,,49,45,88,2016/05/18 14:39:43,2016/05/18 14:39:43
tamabi001,2016/05/18 14:29:00,,100,60,86,2016/05/18 14:39:43,2016/05/18 14:39:43
tamabi001,2016/05/18 14:30:00,,97,38,25,2016/05/18 14:39:43,2016/05/18 14:39:43
tamabi001,2016/05/18 14:31:00,,46,6,32,2016/05/18 14:39:43,2016/05/18 14:39:43
tamabi001,2016/05/18 14:32:00,,42,9,64,2016/05/18 14:39:43,2016/05/18 14:39:43
tamabi001,2016/05/18 14:33:00,,20,63,68,2016/05/18 14:39:43,2016/05/18 14:39:43
tamabi001,2016/05/18 14:34:00,,33,98,79,2016/05/18 14:39:43,2016/05/18 14:39:43
tamabi001,2016/05/18 14:35:00,,52,92,77,2016/05/18 14:39:43,2016/05/18 14:39:43
tamabi001,2016/05/18 14:36:00,,64,73,83,2016/05/18 14:39:43,2016/05/18 14:39:43
tamabi001,2016/05/18 14:37:00,,27,27,84,2016/05/18 14:39:43,2016/05/18 14:39:43
tamabi001,2016/05/18 14:38:00,,16,28,91,2016/05/18 14:39:43,2016/05/18 14:39:43
tamabi001,2016/05/18 14:39:00,,20,43,90,2016/05/18 16:16:41,2016/05/18 16:16:41
tamabi001,2016/05/18 14:40:00,,51,13,87,2016/05/18 16:16:41,2016/05/18 16:16:41
tamabi001,2016/05/18 14:41:00,,48,24,83,2016/05/18 16:16:41,2016/05/18 16:16:41
tamabi001,2016/05/18 14:42:00,,29,36,84,2016/05/18 16:16:41,2016/05/18 16:16:41
tamabi001,2016/05/18 14:43:00,,85,32,80,2016/05/18 16:16:41,2016/05/18 16:16:41
tamabi001,2016/05/18 14:44:00,,90,44,63,2016/05/18 16:16:41,2016/05/18 16:16:41
tamabi001,2016/05/18 14:45:00,,39,46,23,2016/05/18 16:16:41,2016/05/18 16:16:41
tamabi001,2016/05/18 14:48:00,,32,0,40,2016/05/18 16:16:41,2016/05/18 16:16:41
tamabi001,2016/05/18 14:49:00,,13,3,45,2016/05/18 16:16:41,2016/05/18 16:16:41
tamabi001,2016/05/18 14:59:00,,12,0,60,2016/05/18 16:16:41,2016/05/18 16:16:41
tamabi001,2016/05/18 15:00:00,,15,0,64,2016/05/18 16:16:41,2016/05/18 16:16:41
tamabi001,2016/05/18 15:01:00,,25,0,60,2016/05/18 16:16:41,2016/05/18 16:16:41
tamabi001,2016/05/18 15:02:00,,22,10,39,2016/05/18 16:16:41,2016/05/18 16:16:41
tamabi001,2016/05/18 15:03:00,,20,5,50,2016/05/18 16:16:41,2016/05/18 16:16:41
tamabi001,2016/05/18 15:04:00,,12,0,57,2016/05/18 16:16:41,2016/05/18 16:16:41
tamabi001,2016/05/18 15:15:00,,5,58,85,2016/05/18 16:16:41,2016/05/18 16:16:41
tamabi001,2016/05/18 15:16:00,,5,2,54,2016/05/18 16:16:41,2016/05/18 16:16:41
tamabi001,2016/05/18 15:17:00,,13,48,35,2016/05/18 16:16:41,2016/05/18 16:16:41
tamabi001,2016/05/18 15:18:00,,18,30,31,2016/05/18 16:16:41,2016/05/18 16:16:41
tamabi001,2016/05/18 15:19:00,,97,50,11,2016/05/18 16:16:41,2016/05/18 16:16:41
tamabi001,2016/05/18 15:20:00,,100,50,19,2016/05/18 16:16:41,2016/05/18 16:16:41
tamabi001,2016/05/18 15:21:00,,49,63,37,2016/05/18 16:16:41,2016/05/18 16:16:41
tamabi001,2016/05/18 15:22:00,,54,65,33,2016/05/18 16:16:41,2016/05/18 16:16:41
tamabi001,2016/05/18 16:17:00,,41,39,69,2016/05/18 17:16:46,2016/05/18 17:16:46
tamabi001,2016/05/18 16:18:00,,45,73,75,2016/05/18 17:16:46,2016/05/18 17:16:46
tamabi001,2016/05/18 16:19:00,,55,0,46,2016/05/18 17:16:46,2016/05/18 17:16:46
tamabi001,2016/05/18 16:24:00,,9,10,92,2016/05/18 17:16:46,2016/05/18 17:16:46
tamabi001,2016/05/18 16:26:00,,15,56,34,2016/05/18 17:16:46,2016/05/18 17:16:46
tamabi001,2016/05/18 16:27:00,,42,31,15,2016/05/18 17:16:46,2016/05/18 17:16:46
tamabi001,2016/05/18 16:29:00,,8,13,23,2016/05/18 17:16:46,2016/05/18 17:16:46
tamabi001,2016/05/18 16:30:00,,16,0,9,2016/05/18 17:16:46,2016/05/18 17:16:46
tamabi001,2016/05/18 16:31:00,,27,64,81,2016/05/18 17:16:46,2016/05/18 17:16:46
tamabi001,2016/05/18 16:32:00,,28,33,62,2016/05/18 17:16:46,2016/05/18 17:16:46
tamabi001,2016/05/18 16:33:00,,34,16,67,2016/05/18 17:16:46,2016/05/18 17:16:46
tamabi001,2016/05/18 16:34:00,,90,0,58,2016/05/18 17:16:46,2016/05/18 17:16:46
tamabi001,2016/05/18 16:35:00,,37,25,62,2016/05/18 17:16:46,2016/05/18 17:16:46
tamabi001,2016/05/18 16:36:00,,20,16,52,2016/05/18 17:16:46,2016/05/18 17:16:46
tamabi001,2016/05/18 16:37:00,,13,6,73,2016/05/18 17:16:46,2016/05/18 17:16:46
tamabi001,2016/05/18 16:38:00,,34,8,36,2016/05/18 17:16:46,2016/05/18 17:16:46
tamabi001,2016/05/18 16:39:00,,56,39,52,2016/05/18 17:16:46,2016/05/18 17:16:46
tamabi001,2016/05/18 16:40:00,,61,13,55,2016/05/18 17:16:46,2016/05/18 17:16:46
tamabi001,2016/05/18 16:41:00,,75,17,63,2016/05/18 17:16:46,2016/05/18 17:16:46
tamabi001,2016/05/18 16:42:00,,31,60,72,2016/05/18 17:16:46,2016/05/18 17:16:46
tamabi001,2016/05/18 16:43:00,,39,61,86,2016/05/18 17:16:46,2016/05/18 17:16:46
tamabi001,2016/05/18 16:44:00,,70,9,77,2016/05/18 17:16:46,2016/05/18 17:16:46
tamabi001,2016/05/18 16:45:00,,33,17,80,2016/05/18 17:16:46,2016/05/18 17:16:46
tamabi001,2016/05/18 16:46:00,,45,12,79,2016/05/18 17:16:46,2016/05/18 17:16:46
tamabi001,2016/05/18 16:47:00,,45,17,77,2016/05/18 17:16:46,2016/05/18 17:16:46
tamabi001,2016/05/18 16:48:00,,38,6,51,2016/05/18 17:16:46,2016/05/18 17:16:46
tamabi001,2016/05/18 16:49:00,,95,0,55,2016/05/18 17:16:46,2016/05/18 17:16:46
tamabi001,2016/05/18 16:50:00,,67,0,75,2016/05/18 17:16:46,2016/05/18 17:16:46
tamabi001,2016/05/18 16:51:00,,85,0,59,2016/05/18 17:16:46,2016/05/18 17:16:46
tamabi001,2016/05/18 16:52:00,,95,0,65,2016/05/18 17:16:46,2016/05/18 17:16:46
tamabi001,2016/05/18 16:53:00,,70,0,86,2016/05/18 17:16:46,2016/05/18 17:16:46
tamabi001,2016/05/18 16:54:00,,73,0,94,2016/05/18 17:16:46,2016/05/18 17:16:46
tamabi001,2016/05/18 16:55:00,,99,0,76,2016/05/18 17:16:46,2016/05/18 17:16:46
tamabi001,2016/05/18 16:56:00,,100,0,83,2016/05/18 17:16:46,2016/05/18 17:16:46
tamabi001,2016/05/18 16:57:00,,100,0,83,2016/05/18 17:16:46,2016/05/18 17:16:46
tamabi001,2016/05/18 16:58:00,,98,0,81,2016/05/18 17:16:46,2016/05/18 17:16:46
tamabi001,2016/05/18 16:59:00,,19,35,88,2016/05/18 17:16:46,2016/05/18 17:16:46
tamabi001,2016/05/18 17:00:00,,15,8,83,2016/05/18 17:16:46,2016/05/18 17:16:46
tamabi001,2016/05/18 17:01:00,,16,48,88,2016/05/18 17:16:46,2016/05/18 17:16:46
tamabi001,2016/05/18 17:02:00,,13,63,89,2016/05/18 17:16:46,2016/05/18 17:16:46
tamabi001,2016/05/18 17:03:00,,75,92,85,2016/05/18 17:16:46,2016/05/18 17:16:46
tamabi001,2016/05/18 17:04:00,,100,89,71,2016/05/18 17:16:46,2016/05/18 17:16:46
tamabi001,2016/05/18 17:05:00,,100,50,69,2016/05/18 17:16:46,2016/05/18 17:16:46
tamabi001,2016/05/18 17:06:00,,100,47,76,2016/05/18 17:16:46,2016/05/18 17:16:46
tamabi001,2016/05/18 17:07:00,,100,47,70,2016/05/18 17:16:46,2016/05/18 17:16:46
tamabi001,2016/05/18 17:08:00,,100,6,78,2016/05/18 17:16:46,2016/05/18 17:16:46
tamabi001,2016/05/18 17:09:00,,97,0,70,2016/05/18 17:16:46,2016/05/18 17:16:46
tamabi001,2016/05/18 17:10:00,,68,0,43,2016/05/18 17:16:46,2016/05/18 17:16:46
tamabi001,2016/05/18 17:11:00,,76,0,47,2016/05/18 17:16:46,2016/05/18 17:16:46
tamabi001,2016/05/18 17:12:00,,90,0,61,2016/05/18 17:16:46,2016/05/18 17:16:46
tamabi001,2016/05/18 17:13:00,,69,0,48,2016/05/18 17:16:46,2016/05/18 17:16:46
tamabi001,2016/05/18 17:14:00,,48,0,51,2016/05/18 17:16:46,2016/05/18 17:16:46
tamabi001,2016/05/18 17:15:00,,16,8,62,2016/05/18 17:16:46,2016/05/18 17:16:46
tamabi001,2016/05/18 17:16:00,,45,0,59,2016/05/18 18:16:41,2016/05/18 18:16:41
tamabi001,2016/05/18 17:17:00,,31,0,55,2016/05/18 18:16:41,2016/05/18 18:16:41
tamabi001,2016/05/18 17:18:00,,20,43,66,2016/05/18 18:16:41,2016/05/18 18:16:41
tamabi001,2016/05/18 17:19:00,,70,4,63,2016/05/18 18:16:41,2016/05/18 18:16:41
tamabi001,2016/05/18 17:20:00,,56,31,48,2016/05/18 18:16:41,2016/05/18 18:16:41
tamabi001,2016/05/18 17:21:00,,31,7,29,2016/05/18 18:16:41,2016/05/18 18:16:41
tamabi001,2016/05/18 17:22:00,,100,14,38,2016/05/18 18:16:41,2016/05/18 18:16:41
tamabi001,2016/05/18 17:23:00,,93,9,46,2016/05/18 18:16:41,2016/05/18 18:16:41
tamabi001,2016/05/18 17:24:00,,11,53,62,2016/05/18 18:16:41,2016/05/18 18:16:41
tamabi001,2016/05/18 17:25:00,,33,21,40,2016/05/18 18:16:41,2016/05/18 18:16:41
tamabi001,2016/05/18 17:26:00,,18,49,41,2016/05/18 18:16:41,2016/05/18 18:16:41
tamabi001,2016/05/18 17:27:00,,12,44,35,2016/05/18 18:16:41,2016/05/18 18:16:41
tamabi001,2016/05/18 17:28:00,,22,35,31,2016/05/18 18:16:41,2016/05/18 18:16:41
tamabi001,2016/05/18 17:29:00,,19,47,27,2016/05/18 18:16:41,2016/05/18 18:16:41
tamabi001,2016/05/18 17:30:00,,32,23,42,2016/05/18 18:16:41,2016/05/18 18:16:41
tamabi001,2016/05/18 17:31:00,,43,37,61,2016/05/18 18:16:41,2016/05/18 18:16:41
tamabi001,2016/05/18 17:32:00,,34,56,46,2016/05/18 18:16:41,2016/05/18 18:16:41
tamabi001,2016/05/18 17:33:00,,32,52,40,2016/05/18 18:16:41,2016/05/18 18:16:41
tamabi001,2016/05/18 18:07:00,,6,4,75,2016/05/18 18:16:41,2016/05/18 18:16:41
tamabi001,2016/05/18 18:10:00,,5,3,80,2016/05/18 18:16:41,2016/05/18 18:16:41
tamabi001,2016/05/18 18:11:00,,14,8,81,2016/05/18 18:16:41,2016/05/18 18:16:41
tamabi001,2016/05/18 18:12:00,,8,5,84,2016/05/18 18:16:41,2016/05/18 18:16:41
tamabi001,2016/05/18 18:13:00,,11,12,75,2016/05/18 18:16:41,2016/05/18 18:16:41
tamabi001,2016/05/18 18:14:00,,6,0,66,2016/05/18 18:16:41,2016/05/18 18:16:41
tamabi001,2016/05/18 18:15:00,,26,0,57,2016/05/18 18:16:41,2016/05/18 18:16:41
tamabi001,2016/05/18 18:16:00,,5,0,70,2016/05/18 21:24:26,2016/05/18 21:24:26
tamabi001,2016/05/18 18:17:00,,18,0,77,2016/05/18 21:24:26,2016/05/18 21:24:26
tamabi001,2016/05/18 18:18:00,,30,13,77,2016/05/18 21:24:26,2016/05/18 21:24:26
tamabi001,2016/05/18 18:19:00,,22,4,83,2016/05/18 21:24:26,2016/05/18 21:24:26
tamabi001,2016/05/18 18:20:00,,39,22,89,2016/05/18 21:24:26,2016/05/18 21:24:26
tamabi001,2016/05/18 18:21:00,,81,0,86,2016/05/18 21:24:26,2016/05/18 21:24:26
tamabi001,2016/05/18 18:22:00,,54,9,82,2016/05/18 21:24:26,2016/05/18 21:24:26
tamabi001,2016/05/18 18:23:00,,29,29,79,2016/05/18 21:24:26,2016/05/18 21:24:26
tamabi001,2016/05/18 18:24:00,,68,7,78,2016/05/18 21:24:26,2016/05/18 21:24:26
tamabi001,2016/05/18 18:25:00,,66,11,81,2016/05/18 21:24:26,2016/05/18 21:24:26
tamabi001,2016/05/18 18:26:00,,33,51,81,2016/05/18 21:24:26,2016/05/18 21:24:26
tamabi001,2016/05/18 18:27:00,,18,19,82,2016/05/18 21:24:26,2016/05/18 21:24:26
tamabi001,2016/05/18 18:28:00,,24,16,82,2016/05/18 21:24:26,2016/05/18 21:24:26
tamabi001,2016/05/18 18:29:00,,72,20,69,2016/05/18 21:24:26,2016/05/18 21:24:26
tamabi001,2016/05/18 18:30:00,,31,35,79,2016/05/18 21:24:26,2016/05/18 21:24:26
tamabi001,2016/05/18 18:31:00,,74,7,80,2016/05/18 21:24:26,2016/05/18 21:24:26
tamabi001,2016/05/18 18:32:00,,45,35,83,2016/05/18 21:24:26,2016/05/18 21:24:26
tamabi001,2016/05/18 18:33:00,,32,63,82,2016/05/18 21:24:26,2016/05/18 21:24:26
tamabi001,2016/05/18 18:34:00,,32,28,77,2016/05/18 21:24:26,2016/05/18 21:24:26
tamabi001,2016/05/18 18:35:00,,36,14,81,2016/05/18 21:24:26,2016/05/18 21:24:26
tamabi001,2016/05/18 18:36:00,,26,23,78,2016/05/18 21:24:26,2016/05/18 21:24:26
tamabi001,2016/05/18 18:37:00,,23,14,85,2016/05/18 21:24:26,2016/05/18 21:24:26
tamabi001,2016/05/18 18:38:00,,22,31,76,2016/05/18 21:24:26,2016/05/18 21:24:26
tamabi001,2016/05/18 18:39:00,,30,39,93,2016/05/18 21:24:26,2016/05/18 21:24:26
tamabi001,2016/05/18 18:40:00,,28,44,91,2016/05/18 21:24:26,2016/05/18 21:24:26
tamabi001,2016/05/18 18:41:00,,26,26,86,2016/05/18 21:24:26,2016/05/18 21:24:26
tamabi001,2016/05/18 18:42:00,,39,17,87,2016/05/18 21:24:26,2016/05/18 21:24:26
tamabi001,2016/05/18 18:43:00,,26,62,90,2016/05/18 21:24:26,2016/05/18 21:24:26
tamabi001,2016/05/18 18:44:00,,30,5,88,2016/05/18 21:24:26,2016/05/18 21:24:26
tamabi001,2016/05/18 18:45:00,,36,4,89,2016/05/18 21:24:26,2016/05/18 21:24:26
tamabi001,2016/05/18 18:46:00,,49,8,89,2016/05/18 21:24:26,2016/05/18 21:24:26
tamabi001,2016/05/18 18:47:00,,50,0,88,2016/05/18 21:24:26,2016/05/18 21:24:26
tamabi001,2016/05/18 18:48:00,,30,37,86,2016/05/18 21:24:26,2016/05/18 21:24:26
tamabi001,2016/05/18 18:49:00,,24,47,91,2016/05/18 21:24:26,2016/05/18 21:24:26
tamabi001,2016/05/18 18:50:00,,24,63,89,2016/05/18 21:24:26,2016/05/18 21:24:26
tamabi001,2016/05/18 18:51:00,,48,43,87,2016/05/18 21:24:26,2016/05/18 21:24:26
tamabi001,2016/05/18 18:52:00,,53,50,84,2016/05/18 21:24:26,2016/05/18 21:24:26
tamabi001,2016/05/18 18:53:00,,44,64,88,2016/05/18 21:24:26,2016/05/18 21:24:26
tamabi001,2016/05/18 18:54:00,,34,19,85,2016/05/18 21:24:26,2016/05/18 21:24:26
tamabi001,2016/05/18 18:55:00,,31,41,87,2016/05/18 21:24:26,2016/05/18 21:24:26
tamabi001,2016/05/18 18:56:00,,39,52,78,2016/05/18 21:24:26,2016/05/18 21:24:26
tamabi001,2016/05/18 18:57:00,,70,31,67,2016/05/18 21:24:26,2016/05/18 21:24:26
tamabi001,2016/05/18 18:58:00,,24,47,83,2016/05/18 21:24:26,2016/05/18 21:24:26
tamabi001,2016/05/18 18:59:00,,33,47,81,2016/05/18 21:24:26,2016/05/18 21:24:26
tamabi001,2016/05/18 19:00:00,,43,19,67,2016/05/18 21:24:26,2016/05/18 21:24:26
tamabi001,2016/05/18 19:01:00,,70,10,56,2016/05/18 21:24:26,2016/05/18 21:24:26
tamabi001,2016/05/18 19:02:00,,72,29,76,2016/05/18 21:24:26,2016/05/18 21:24:26
tamabi001,2016/05/18 19:03:00,,47,37,51,2016/05/22 18:43:32,2016/05/22 18:43:32
tamabi001,2016/05/18 21:25:00,,0,46,69,2016/05/22 18:43:32,2016/05/22 18:43:32
tamabi001,2016/05/18 21:26:00,,1,21,59,2016/05/22 18:43:32,2016/05/22 18:43:32
tamabi001,2016/05/18 21:27:00,,3,50,61,2016/05/22 18:43:32,2016/05/22 18:43:32